{"cameraMode":{"drawMode":0,"name":"Shaded","section":"Shading Mode"},"sceneLighting":true,"audioPlay":false,"sceneViewState":{"m_AlwaysRefresh":false,"showFog":true,"showSkybox":true,"showFlares":true,"showImageEffects":true,"showParticleSystems":true,"showVisualEffectGraphs":true,"m_FxEnabled":true},"in2DMode":false,"pivot":{"x":8.91478157043457,"y":-1.582315444946289,"z":1.6290850639343262},"rotation":{"x":0.37831076979637148,"y":0.45953378081321719,"z":-0.22538617253303529,"w":0.7713072896003723},"size":11.284173011779786,"orthographic":false}